城市,全部企业,企业密度
北京市,2505,1526.457995897758
石家庄市,78,55.47652916073968
天津市,387,323.41634631455787
长治市,16,11.465424579003942
唐山市,36,26.722090261282656
巴彦淖尔市,3,0.46054651519803497
赤峰市,4,0.4443407649326268
邢台市,7,5.630177752754765
太原市,133,190.3262736119061
衡水市,4,4.526422994228811
临汾市,9,4.433060782188947
运城市,9,6.34562504406684
阿拉善盟,1,0.04030957755562722
晋中市,14,8.54075158613958
吕梁市,5,2.3651844843897822
包头市,25,9.003169115528666
保定市,25,11.268875366238449
承德市,8,2.025829323879463
呼伦贝尔市,3,0.11857707509881422
廊坊市,24,37.38900140208755
乌兰察布市,2,0.36726898780666956
鄂尔多斯市,7,0.805690476738565
秦皇岛市,20,25.63116749967961
沧州市,15,10.486577181208053
朔州市,8,7.529411764705882
阳泉市,8,17.547707830664617
乌海市,2,11.983223487118034
邯郸市,7,5.801906340654786
忻州市,2,0.7951653944020356
兴安盟,2,0.3627723059621628
呼和浩特市,54,31.420924007913417
大同市,7,4.9800796812749
通辽市,2,0.3397835578736345
张家口市,9,2.4458515639861944
晋城市,10,10.610079575596817
沈阳市,171,131.74114021571648
长春市,109,44.051083090850305
大连市,124,93.67681498829039
伊春市,1,0.3048780487804878
朝阳市,5,2.5383287643415575
铁岭市,3,2.3103581055063533
锡林郭勒盟,1,0.050029016829761255
吉林市,25,9.021688138284436
葫芦岛市,5,4.803535402055912
四平市,3,2.9291154071470418
阜新市,1,0.9683354313934347
佳木斯市,5,1.5398829688943638
牡丹江市,5,1.2877636696113528
齐齐哈尔市,2,0.4733167672464797
大庆市,18,8.4885640179203
抚顺市,1,0.8872327211427558
锦州市,8,7.968127490039841
双鸭山市,1,0.453494172599882
鞍山市,27,29.173419773095624
本溪市,6,7.130972189208462
辽阳市,6,12.65022137887413
鸡西市,1,0.44456299457633147
丹东市,17,11.118378024852843
哈尔滨市,99,18.655310168086228
辽源市,2,3.8910505836575875
延边朝鲜族自治州,5,1.1539615500011537
鹤岗市,1,0.6818956699624956
上海市,1313,2070.814604526457
黑河市,1,0.14956178397295922
营口市,7,12.963443090484832
盘锦市,8,19.68019680196802
通化市,4,2.5621316935690492
绥化市,1,0.28675479597396264
南京市,468,710.4569239947717
苏州市,341,393.8863297186658
徐州市,66,56.09859753506162
无锡市,190,410.59242003172363
南通市,62,58.773343444876296
连云港市,21,27.57715036112935
常州市,83,189.8444647758463
湖州市,43,73.88316151202748
宿迁市,10,11.731581417175034
杭州市,648,384.4882716243502
扬州市,65,98.6161873161377
镇江市,37,96.35416666666667
泰州市,35,60.48038707447728
温州市,144,119.35350186489845
嘉兴市,73,172.86289367748046
盐城市,42,24.746641527221303
金华市,65,59.40413087186985
淮安市,15,14.955134596211364
绍兴市,50,60.39376736320811
舟山市,8,54.982817869415804
宁波市,191,203.9382504874231
衢州市,16,18.089315997738833
丽水市,18,10.419681620839363
马鞍山市,12,29.63694739441837
安庆市,15,11.07992317919929
台州市,42,41.84100418410042
淮北市,4,14.59321415541773
合肥市,201,175.62254259501964
淮南市,8,14.460531786056432
铜陵市,5,16.622340425531913
芜湖市,14,23.232658479920346
蚌埠市,6,10.082339102671819
黄山市,5,5.098399102681758
阜阳市,7,6.918363312907689
南平市,8,3.0441400304414
滁州市,8,5.918910920390648
亳州市,1,1.1735711770918904
宿州市,6,6.0368246302444915
池州市,5,5.953089653530181
龙岩市,22,11.56190876602901
莆田市,10,24.20721374969741
厦门市,410,2144.351464435146
三明市,13,5.660788155889397
六安市,8,5.177658403986796
宁德市,15,11.167361524717093
福州市,366,298.75112235735855
宣城市,5,4.060748802079103
宜春市,16,8.570357276768975
九江市,12,6.289967501834574
赣州市,14,3.5566394837791835
枣庄市,23,50.39439088518843
抚州市,3,1.5959144589849983
萍乡市,7,18.271991647089532
南昌市,91,126.47671994440583
漳州市,51,39.589295985878266
吉安市,6,2.3742629891971037
上饶市,8,3.5184940845318198
青岛市,316,279.81935712388207
泉州市,107,94.7993266589882
新余市,3,9.493670886075948
鹰潭市,4,11.235955056179774
潍坊市,49,30.3537136839497
日照市,23,42.918454935622314
济宁市,51,45.58862965942612
威海市,23,39.675694324650685
景德镇市,3,5.701254275940707
东营市,41,49.73917263132355
济南市,341,332.8777821163608
泰安市,37,47.674268779796414
烟台市,84,23.10739436619718
淄博市,66,110.64543168482815
鹤壁市,3,14.018691588785046
聊城市,20,23.180343069077423
平顶山市,7,8.849557522123893
新乡市,23,27.74092389337836
临沂市,58,33.73858414286545
漯河市,5,19.105846388995033
洛阳市,29,19.03386715673405
濮阳市,9,21.072348396160148
许昌市,3,6.025306286402892
三门峡市,4,4.025764895330113
德州市,19,18.3433095192122
郑州市,244,322.4450852232932
开封市,5,8.012820512820513
焦作市,8,20.14098690835851
菏泽市,14,11.517893870835048
滨州市,18,19.624945486262536
安阳市,9,12.24156692056583
南阳市,18,6.789634491343216
荆门市,10,8.104384471999351
黄冈市,8,4.582688892707796
荆州市,15,10.639052415064898
湘潭市,12,23.971234518577706
襄阳市,15,7.6034063260340625
潜江市,2,9.98003992015968
商丘市,2,1.8684603886397608
仙桃市,2,7.880220646178092
株洲市,28,22.83477409884195
黄石市,12,26.28696604600219
孝感市,6,6.738544474393531
鄂州市,5,31.32832080200501
衡阳市,11,7.19001241911236
周口市,3,2.508151492350138
邵阳市,5,2.4010756819054935
十堰市,23,9.718583622073862
宜昌市,35,16.600265604249667
咸宁市,5,5.127400520738796
驻马店市,2,1.3259961546111516
济源市,2,10.357327809425167
恩施土家族苗族自治州,12,5.0
随州市,4,4.1605991262741835
武汉市,422,492.4642467455932
信阳市,5,2.6432649608796783
揭阳市,9,17.09401709401709
阳江市,4,5.02828409805154
韶关市,13,7.060229185901265
怀化市,6,2.176041780002176
河源市,4,2.5552574421873
益阳市,10,8.116883116883116
肇庆市,13,8.730105432811765
郴州市,4,2.0680384655154582
清远市,4,2.101281781886951
常德市,7,3.851020520437916
珠海市,219,1261.18655195052
岳阳市,15,10.095571409341769
张家界市,5,5.244388504300399
汕头市,40,181.8975552968568
湛江市,24,18.095453517303778
娄底市,12,14.796547472256472
潮州市,10,31.78639542275906
江门市,21,22.095959595959595
北海市,12,30.08272750062672
茂名市,9,7.876082961407193
长沙市,238,201.35363790186122
梅州市,9,5.673040011951204
永州市,1,0.44925648052473155
湘西土家族苗族自治州,2,1.2928248222365868
汕尾市,3,6.170300287947346
梧州市,5,3.9770919503658924
佛山市,152,400.2401440864519
云浮市,1,1.2845215157353884
惠州市,56,49.356601445443324
东莞市,108,439.01011349224416
深圳市,788,3843.90243902439
中山市,49,274.7144931517601
广州市,1263,1698.8593565048961
南宁市,153,69.23390198651522
柳州市,26,13.980749583266117
桂林市,27,9.758918567246177
贵港市,8,7.545746085644218
百色市,5,1.3811391635821224
防城港市,3,4.813863928112966
澄迈县,3,14.448918257653109
玉林市,9,7.01809107922645
河池市,1,0.29872147209941446
重庆市,411,49.93924665856622
东方市,1,4.400207689802959
海口市,118,511.9661234619322
三亚市,12,62.51367486637702
西藏自治区,1,0.008316914358237778
拉萨市,12,4.049401346628418
酒泉市,8,0.4166666666666667
遵义市,8,2.600188513667241
定西市,4,2.039879647100821
黔西南布依族苗族自治州,3,1.7850767583006069
和田地区,2,0.08033870799289805
平凉市,2,1.7903500134276251
天水市,9,6.303845345660854
金昌市,4,5.298715061597562
武威市,5,1.5455143147081343
崇左市,4,2.3078698361412417
张掖市,5,1.3679142044210986
六盘水市,1,1.0086746015735324
山南市,2,0.2523531935296641
黔东南苗族侗族自治州,1,0.3302291790502609
来宾市,5,3.7363622776864442
黔南布依族苗族自治州,1,0.38175224279442643
西宁市,40,52.583147101354015
庆阳市,7,2.5814064977689273
陇南市,3,1.0776249146880277
钦州市,3,2.757606397646842
昌都市,1,0.09106058260560751
临夏回族自治州,1,1.364070386031919
林芝市,1,0.08755417414525238
兰州市,169,128.10794420861126
贵阳市,100,124.33171702101205
毕节市,1,0.37245335021788517
博尔塔拉蒙古自治州,3,0.1102941176470588
自贡市,12,27.447392497712716
克拉玛依市,12,15.51791025475236
银川市,51,56.50731603544671
内江市,9,16.71309192200557
塔城地区,3,0.3161524166585345
丽江市,6,2.918997810751642
昌吉回族自治州,5,0.6787906828104812
遂宁市,2,3.757985719654265
乐山市,4,3.144654088050314
石河子市,4,642.0545746388443
阿勒泰地区,1,0.0847457627118644
昆明市,178,84.70946556893351
中卫市,3,1.7200256857169067
成都市,571,398.32577607254973
巴中市,2,1.626412946247052
甘南藏族自治州,1,0.2732688418866481
海东市,2,1.5405946695424433
达州市,2,1.2056908608632746
哈密市,2,0.1457492238853828
红河哈尼族彝族自治州,7,2.175669795487039
白银市,1,0.49753719090502013
眉山市,11,15.406162464985993
泸州市,12,9.812740207703
玉溪市,4,2.6770178021683844
阿克苏地区,5,0.391184271262821
保山市,1,0.5246039240373518
西双版纳傣族自治州,1,0.5236698785085881
宜宾市,15,11.302840780649536
吴忠市,3,1.790189760114572
楚雄彝族自治州,6,2.1097788248531946
绵阳市,38,18.758947524312582
德阳市,20,33.835222466587716
临沧市,2,0.8467042038863721
石嘴山市,2,4.909180166912125
大理白族自治州,4,1.413327680022613
巴音郭楞蒙古自治州,18,0.3817392890317819
海北藏族自治州,1,0.29078220412910727
曲靖市,8,2.7681660899653977
伊犁哈萨克自治州,7,0.2510292648123852
凉山彝族自治州,5,0.8297240337863626
日喀则市,1,0.0557911180540058
广元市,6,3.676695875972792
乌鲁木齐市,154,108.32635777241617
资阳市,5,8.700191404210893
南充市,13,10.414997596539017
延安市,10,2.700440171747995
吐鲁番市,1,0.14335067876546395
攀枝花市,2,2.6986911347996223
咸阳市,16,15.700127563536451
克孜勒苏柯尔克孜自治州,1,0.13799194127062978
商洛市,2,1.021085413794864
固原市,2,1.9005986885869048
德宏傣族景颇族自治州,2,1.7901897601145722
昭通市,1,0.44565265831810685
阿坝藏族羌族自治州,1,0.12047902460181682
普洱市,3,0.6777210500158134
迪庆藏族自治州,1,0.4312947468299836
渭南市,7,5.371805694114035
文山壮族苗族自治州,1,0.3179043743641913
安康市,11,4.673691366417403
榆林市,22,5.125815470643057
广安市,3,4.73260766682442
宝鸡市,21,11.591323066732903
汉中市,9,3.3214008930877954
铜川市,5,12.87001287001287
西安市,638,629.5017266896891
